H900441290;R900441290;1PV2V3-2X/12 R1MS40A1
H900443745;R900443745;1PV2V3-2X/12 R1MS40A1G
H900410948;R900410948;1PV2V3-4X/12 RA01MS40A1R
H900473711;R900473711;1PV2V3-3X/40RA01MS40A1
H900928244;R900928244;1PV2V3-3X/40RA01VS40A1
H900343658;R900343658;1PV2V3-3X/40RD01MS40A1-A30
H900476663;R900476663;1PV2V3-3X/40RE01MS40A1
H900381816;R900381816;1PV2V3-3X/40RF01MS40A1
H900478908;R900478908;1PV2V3-3X/40RG01MS40A1
H900411099;R900411099;1PV2V3-3X/40RG12MS40A1/5
H900417313;R900417313;1PV2V3-3X/40RW12MS40A1/5
H900408058;R900408058;1PV2V3-3X/63RA01MS40A1
H900402721;R900402721;1PV2V3-3X/63RE01MS40A1
H900477381;R900477381;1PV2V3-3X/63RG01MS40A1
H900467284;R900467284;1PV2V3-4X/12RA01MS40A1
H900352390;R900352390;1PV2V3-4X/12RA01MS40A1-15
H900467291;R900467291;1PV2V3-4X/12RE01MS40A1
H900406268;R900406268;1PV2V3-4X/12RF01MS40A1
H900369157;R900369157;1PV2V3-4X/12RW12MS40A1/5
H900476250;R900476250;1PV2V3-4X/25RA01MS40A1
H900488071;R900488071;1PV2V3-4X/25RD01MS40A1
H900479226;R900479226;1PV2V3-4X/25RE01MS40A1
H900396109;R900396109;1PV2V3-4X/25RF01MS40A1
H900479227;R900479227;1PV2V3-4X/25RG01MS40A1
H900411098;R900411098;1PV2V3-4X/25RG12MS40A1/5
H900418748;R900418748;1PV2V3-4X/25RW12MS40A1/5
H920026116;R920026116;ABHAG -0160S40A/A10VSO18/132M/002K249B
H920036702;R920036702;ABHAG -160S40A/A10VSO18/160M/SN/002K927B
H920030320;R920030320;ABHAG -160S40A10VSO18/160L/010HAHN
H920030437;R920030437;ABHAG -160S40A10VSOXX/XXXX/010TESTSETOP+
H901262926;R901262926;ABHAG-0100S40A10VSO10/132M-4-7,50-TM
H920004315;R920004315;ABHAG-160S40A/A10VSO18/132M/002K249A
H920003563;R920003563;ABHAG-160S40A/A10VSO18/132M/002K249A
H920004319;R920004319;ABHAG-160S40A/A10VSO18/132M/002K249A
H920003647;R920003647;ABHAG-160S40A/A10VSO18/160M/002K238B
H920003765;R920003765;ABHAG-160S40A/A10VSO18/160M/002K238C
H920004746;R920004746;ABHAG-160S40A/A10VSO18/160M/002KK319A
H920018340;R920018340;ABHAG-160S40A/A110VSO18/160M/SN/002K927A
H920034275;R920034275;ABPTA -0100S40A/V7-25-30/112M/NL/002B333
H920014764;R920014764;ABPTA-0100S40A/V7-10-14/112M/NL/002K711A
H920004893;R920004893;ABPTA-0100S40A/V7-25-30/112M/NL/002B333B
H910909508;R910909508;AGGREGAT A4VS40 A2R2 200L 35M
H900773745;R900773745;DECKEL AB40-09/20-D200-KU6-FRS50B-FDS40A
H925201407;R925201407;LPS 40 A11/LD 4-643/01
H900726849;R900726849;LPS 40 A11/LD 4-643/02-001S
H900891439;R900891439;LPS 40 A11/LD 7-643/01-050
H925202389;R925202389;LPS 40 A11/LD 7-643/02-001
H900756515;R900756515;LPS 40 A11/LD10-643/01-000S
H900728477;R900728477;LPS 40 A12/LD 7-544/02-701S
H925201935;R925201935;LPS40 A11/LD 7-643/01
H900428840;R900428840;S 40 A0.X/
H900427396;R900427396;S 40 A1.X/
H900463123;R900463123;S 40 A1.X/5
H900462790;R900462790;S 40 A1.X/5 SO 6
H900486387;R900486387;S 40 A1.X/SO 6
H900424913;R900424913;S 40 A2.X/
H900430435;R900430435;S 40 A3.X/
H900474220;R900474220;S 40 A3.X/5
